{
  "id": "fantasy-basic",
  "name": "Fantasy Basic",
  "description": "\u0642\u0627\u0644\u0628 \u0628\u0633\u064a\u0637 \u0644\u0628\u0637\u0627\u0642\u0627\u062a \u062e\u064a\u0627\u0644\u064a\u0629: \u0639\u0646\u0648\u0627\u0646 + \u0635\u0648\u0631\u0629 + \u0635\u0646\u062f\u0648\u0642 \u0648\u0635\u0641 + \u062a\u0643\u0644\u0641\u0629.",
  "size": {
    "w": 750,
    "h": 1050
  },
  "background": "#0e1830",
  "elements": [
    {
      "id": "t_title",
      "type": "text",
      "name": "Title",
      "x": 70,
      "y": 48,
      "width": 610,
      "height": 90,
      "rotation": 0,
      "visible": true,
      "text": "{{name}}",
      "fontSize": 54,
      "fontFamily": "serif",
      "fill": "#ffffff",
      "align": "center",
      "bindingKey": ""
    },
    {
      "id": "r_frame",
      "type": "rect",
      "name": "Frame",
      "x": 58,
      "y": 156,
      "width": 634,
      "height": 600,
      "rotation": 0,
      "visible": true,
      "fill": "#101a33",
      "stroke": "#3b5b8a",
      "strokeWidth": 3,
      "radius": 22,
      "bindingKey": ""
    },
    {
      "id": "t_cost",
      "type": "text",
      "name": "Cost",
      "x": 600,
      "y": 164,
      "width": 92,
      "height": 92,
      "rotation": 0,
      "visible": true,
      "text": "{{cost}}",
      "fontSize": 46,
      "fontFamily": "serif",
      "fill": "#5eead4",
      "align": "center",
      "bindingKey": ""
    },
    {
      "id": "r_desc",
      "type": "rect",
      "name": "Description Box",
      "x": 80,
      "y": 790,
      "width": 590,
      "height": 210,
      "rotation": 0,
      "visible": true,
      "fill": "rgba(255,255,255,0.04)",
      "stroke": "rgba(255,255,255,0.10)",
      "strokeWidth": 2,
      "radius": 18,
      "bindingKey": ""
    },
    {
      "id": "t_desc",
      "type": "text",
      "name": "Description",
      "x": 98,
      "y": 804,
      "width": 554,
      "height": 182,
      "rotation": 0,
      "visible": true,
      "text": "{{description}}",
      "fontSize": 30,
      "fontFamily": "serif",
      "fill": "#e7eefc",
      "align": "center",
      "bindingKey": ""
    }
  ]
}